{
  "project_info": {
    "project_number": "321190110767",
    "project_id": "loginevaluacion",
    "storage_bucket": "loginevaluacion.appspot.com"
  },
  "client": [
    {
      "client_info": {
        "mobilesdk_app_id": "1:321190110767:android:07f38b66bd5bcc45d808da",
        "android_client_info": {
          "package_name": "com.example.logeoevaluacion"
        }
      },
      "oauth_client": [
        {
          "client_id": "321190110767-62cdj5qdku9vd8nh6q8qn81cpc60265l.apps.googleusercontent.com",
          "client_type": 1,
          "android_info": {
            "package_name": "com.example.logeoevaluacion",
            "certificate_hash": "07cd55d3a48536a998420e748a465650a5ae5619"
          }
        },
        {
          "client_id": "321190110767-h50p7o689t0ndj7g8g68u4epvtel7ckc.apps.googleusercontent.com",
          "client_type": 3
        }
      ],
      "api_key": [
        {
          "current_key": "AIzaSyChF9CSGhAG_1btO6Si_CGsm2O-W8P1mEc"
        }
      ],
      "services": {
        "appinvite_service": {
          "other_platform_oauth_client": [
            {
              "client_id": "321190110767-h50p7o689t0ndj7g8g68u4epvtel7ckc.apps.googleusercontent.com",
              "client_type": 3
            }
          ]
        }
      }
    }
  ],
  "configuration_version": "1"
}